REGION	POS	REF	ALT	REF_DP	REF_RV	REF_QUAL	ALT_DP	ALT_RV	ALT_QUAL	ALT_FREQ	TOTAL_DP	PVAL	PASS	GFF_FEATURE	REF_CODON	REF_AA	ALT_CODON	ALT_AA	POS_AA
NC_045512.2	27115	G	T	1	1	60	1	0	30	0.5	2	0.666667	FALSE	NA	NA	NA	NA	NA	NA
NC_045512.2	27122	G	T	1	1	60	1	0	30	0.5	2	0.666667	FALSE	NA	NA	NA	NA	NA	NA
NC_045512.2	27127	G	C	1	1	60	1	0	30	0.5	2	0.666667	FALSE	NA	NA	NA	NA	NA	NA
NC_045512.2	27146	A	C	1	1	60	1	0	30	0.5	2	0.666667	FALSE	NA	NA	NA	NA	NA	NA
NC_045512.2	27216	T	A	0	0	0	1	0	30	1	1	1	FALSE	NA	NA	NA	NA	NA	NA
NC_045512.2	28210	A	T	0	0	0	1	0	30	1	1	1	FALSE	NA	NA	NA	NA	NA	NA
NC_045512.2	28216	T	A	0	0	0	1	0	30	1	1	1	FALSE	NA	NA	NA	NA	NA	NA
NC_045512.2	28270	T	-A	1	0	30	1	0	20	1	1	1	FALSE	NA	NA	NA	NA	NA	NA
NC_045512.2	28299	A	T	0	0	0	1	0	30	1	1	1	FALSE	NA	NA	NA	NA	NA	NA
